IndicatorCode,Indicator,ValueType,ParentLocationCode,ParentLocation,Location type,SpatialDimValueCode,Location,Period type,Period,IsLatestYear,Dim1 type,Dim1,Dim1ValueCode,Dim2 type,Dim2,Dim2ValueCode,Dim3 type,Dim3,Dim3ValueCode,DataSourceDimValueCode,DataSource,FactValueNumericPrefix,FactValueNumeric,FactValueUoM,FactValueNumericLowPrefix,FactValueNumericLow,FactValueNumericHighPrefix,FactValueNumericHigh,Value,FactValueTranslationID,FactComments,Language,DateModified
NCD_BMI_30A,"Prevalence of obesity among adults, BMI &GreaterEqual; 30 (age-standardized estimate) (%)",numeric,SEAR,South-East Asia,Country,IND,India,Year,2022,true,Sex,Male,SEX_MLE,Age Group,18+  years,AGEGROUP_YEARS18-PLUS,,,,,,,5.21,,,4.34,,6.19,5.2 [4.3-6.2],,,EN,2024-02-28T18:30:00.000Z
NCD_BMI_30A,"Prevalence of obesity among adults, BMI &GreaterEqual; 30 (age-standardized estimate) (%)",numeric,SEAR,South-East Asia,Country,IND,India,Year,2022,true,Sex,Both sexes,SEX_BTSX,Age Group,18+  years,AGEGROUP_YEARS18-PLUS,,,,,,,7.27,,,6.51,,8.09,7.3 [6.5-8.1],,,EN,2024-02-28T18:30:00.000Z
NCD_BMI_30A,"Prevalence of obesity among adults, BMI &GreaterEqual; 30 (age-standardized estimate) (%)",numeric,SEAR,South-East Asia,Country,IND,India,Year,2022,true,Sex,Female,SEX_FMLE,Age Group,18+  years,AGEGROUP_YEARS18-PLUS,,,,,,,9.4,,,8.17,,10.76,9.4 [8.2-10.8],,,EN,2024-02-28T18:30:00.000Z
NCD_BMI_30A,"Prevalence of obesity among adults, BMI &GreaterEqual; 30 (age-standardized estimate) (%)",numeric,SEAR,South-East Asia,Country,IND,India,Year,2021,false,Sex,Male,SEX_MLE,Age Group,18+  years,AGEGROUP_YEARS18-PLUS,,,,,,,4.91,,,4.19,,5.71,4.9 [4.2-5.7],,,EN,2024-02-28T18:30:00.000Z
NCD_BMI_30A,"Prevalence of obesity among adults, BMI &GreaterEqual; 30 (age-standardized estimate) (%)",numeric,SEAR,South-East Asia,Country,IND,India,Year,2021,false,Sex,Both sexes,SEX_BTSX,Age Group,18+  years,AGEGROUP_YEARS18-PLUS,,,,,,,6.89,,,6.25,,7.58,6.9 [6.3-7.6],,,EN,2024-02-28T18:30:00.000Z
NCD_BMI_30A,"Prevalence of obesity among adults, BMI &GreaterEqual; 30 (age-standardized estimate) (%)",numeric,SEAR,South-East Asia,Country,IND,India,Year,2021,false,Sex,Female,SEX_FMLE,Age Group,18+  years,AGEGROUP_YEARS18-PLUS,,,,,,,8.95,,,7.9,,10.08,8.9 [7.9-10.1],,,EN,2024-02-28T18:30:00.000Z
NCD_BMI_30A,"Prevalence of obesity among adults, BMI &GreaterEqual; 30 (age-standardized estimate) (%)",numeric,SEAR,South-East Asia,Country,IND,India,Year,2020,false,Sex,Male,SEX_MLE,Age Group,18+  years,AGEGROUP_YEARS18-PLUS,,,,,,,4.63,,,4.03,,5.28,4.6 [4.0-5.3],,,EN,2024-02-28T18:30:00.000Z
NCD_BMI_30A,"Prevalence of obesity among adults, BMI &GreaterEqual; 30 (age-standardized estimate) (%)",numeric,SEAR,South-East Asia,Country,IND,India,Year,2020,false,Sex,Both sexes,SEX_BTSX,Age Group,18+  years,AGEGROUP_YEARS18-PLUS,,,,,,,6.53,,,5.99,,7.1,6.5 [6.0-7.1],,,EN,2024-02-28T18:30:00.000Z
NCD_BMI_30A,"Prevalence of obesity among adults, BMI &GreaterEqual; 30 (age-standardized estimate) (%)",numeric,SEAR,South-East Asia,Country,IND,India,Year,2020,false,Sex,Female,SEX_FMLE,Age Group,18+  years,AGEGROUP_YEARS18-PLUS,,,,,,,8.51,,,7.62,,9.46,8.5 [7.6-9.5],,,EN,2024-02-28T18:30:00.000Z
NCD_BMI_30A,"Prevalence of obesity among adults, BMI &GreaterEqual; 30 (age-standardized estimate) (%)",numeric,SEAR,South-East Asia,Country,IND,India,Year,2019,false,Sex,Male,SEX_MLE,Age Group,18+  years,AGEGROUP_YEARS18-PLUS,,,,,,,4.36,,,3.86,,4.88,4.4 [3.9-4.9],,,EN,2024-02-28T18:30:00.000Z
NCD_BMI_30A,"Prevalence of obesity among adults, BMI &GreaterEqual; 30 (age-standardized estimate) (%)",numeric,SEAR,South-East Asia,Country,IND,India,Year,2019,false,Sex,Both sexes,SEX_BTSX,Age Group,18+  years,AGEGROUP_YEARS18-PLUS,,,,,,,6.18,,,5.73,,6.67,6.2 [5.7-6.7],,,EN,2024-02-28T18:30:00.000Z
NCD_BMI_30A,"Prevalence of obesity among adults, BMI &GreaterEqual; 30 (age-standardized estimate) (%)",numeric,SEAR,South-East Asia,Country,IND,India,Year,2019,false,Sex,Female,SEX_FMLE,Age Group,18+  years,AGEGROUP_YEARS18-PLUS,,,,,,,8.08,,,7.33,,8.88,8.1 [7.3-8.9],,,EN,2024-02-28T18:30:00.000Z
NCD_BMI_30A,"Prevalence of obesity among adults, BMI &GreaterEqual; 30 (age-standardized estimate) (%)",numeric,SEAR,South-East Asia,Country,IND,India,Year,2018,false,Sex,Male,SEX_MLE,Age Group,18+  years,AGEGROUP_YEARS18-PLUS,,,,,,,4.1,,,3.68,,4.54,4.1 [3.7-4.5],,,EN,2024-02-28T18:30:00.000Z
NCD_BMI_30A,"Prevalence of obesity among adults, BMI &GreaterEqual; 30 (age-standardized estimate) (%)",numeric,SEAR,South-East Asia,Country,IND,India,Year,2018,false,Sex,Both sexes,SEX_BTSX,Age Group,18+  years,AGEGROUP_YEARS18-PLUS,,,,,,,5.85,,,5.46,,6.26,5.8 [5.5-6.3],,,EN,2024-02-28T18:30:00.000Z
NCD_BMI_30A,"Prevalence of obesity among adults, BMI &GreaterEqual; 30 (age-standardized estimate) (%)",numeric,SEAR,South-East Asia,Country,IND,India,Year,2018,false,Sex,Female,SEX_FMLE,Age Group,18+  years,AGEGROUP_YEARS18-PLUS,,,,,,,7.67,,,7,,8.35,7.7 [7.0-8.4],,,EN,2024-02-28T18:30:00.000Z
NCD_BMI_30A,"Prevalence of obesity among adults, BMI &GreaterEqual; 30 (age-standardized estimate) (%)",numeric,SEAR,South-East Asia,Country,IND,India,Year,2017,false,Sex,Male,SEX_MLE,Age Group,18+  years,AGEGROUP_YEARS18-PLUS,,,,,,,3.85,,,3.48,,4.23,3.8 [3.5-4.2],,,EN,2024-02-28T18:30:00.000Z
NCD_BMI_30A,"Prevalence of obesity among adults, BMI &GreaterEqual; 30 (age-standardized estimate) (%)",numeric,SEAR,South-East Asia,Country,IND,India,Year,2017,false,Sex,Both sexes,SEX_BTSX,Age Group,18+  years,AGEGROUP_YEARS18-PLUS,,,,,,,5.52,,,5.18,,5.88,5.5 [5.2-5.9],,,EN,2024-02-28T18:30:00.000Z
NCD_BMI_30A,"Prevalence of obesity among adults, BMI &GreaterEqual; 30 (age-standardized estimate) (%)",numeric,SEAR,South-East Asia,Country,IND,India,Year,2017,false,Sex,Female,SEX_FMLE,Age Group,18+  years,AGEGROUP_YEARS18-PLUS,,,,,,,7.26,,,6.68,,7.85,7.3 [6.7-7.8],,,EN,2024-02-28T18:30:00.000Z
NCD_BMI_30A,"Prevalence of obesity among adults, BMI &GreaterEqual; 30 (age-standardized estimate) (%)",numeric,SEAR,South-East Asia,Country,IND,India,Year,2016,false,Sex,Male,SEX_MLE,Age Group,18+  years,AGEGROUP_YEARS18-PLUS,,,,,,,3.61,,,3.29,,3.95,3.6 [3.3-3.9],,,EN,2024-02-28T18:30:00.000Z
NCD_BMI_30A,"Prevalence of obesity among adults, BMI &GreaterEqual; 30 (age-standardized estimate) (%)",numeric,SEAR,South-East Asia,Country,IND,India,Year,2016,false,Sex,Both sexes,SEX_BTSX,Age Group,18+  years,AGEGROUP_YEARS18-PLUS,,,,,,,5.21,,,4.9,,5.52,5.2 [4.9-5.5],,,EN,2024-02-28T18:30:00.000Z
NCD_BMI_30A,"Prevalence of obesity among adults, BMI &GreaterEqual; 30 (age-standardized estimate) (%)",numeric,SEAR,South-East Asia,Country,IND,India,Year,2016,false,Sex,Female,SEX_FMLE,Age Group,18+  years,AGEGROUP_YEARS18-PLUS,,,,,,,6.86,,,6.34,,7.39,6.9 [6.3-7.4],,,EN,2024-02-28T18:30:00.000Z
NCD_BMI_30A,"Prevalence of obesity among adults, BMI &GreaterEqual; 30 (age-standardized estimate) (%)",numeric,SEAR,South-East Asia,Country,IND,India,Year,2015,false,Sex,Male,SEX_MLE,Age Group,18+  years,AGEGROUP_YEARS18-PLUS,,,,,,,3.39,,,3.09,,3.69,3.4 [3.1-3.7],,,EN,2024-02-28T18:30:00.000Z
NCD_BMI_30A,"Prevalence of obesity among adults, BMI &GreaterEqual; 30 (age-standardized estimate) (%)",numeric,SEAR,South-East Asia,Country,IND,India,Year,2015,false,Sex,Both sexes,SEX_BTSX,Age Group,18+  years,AGEGROUP_YEARS18-PLUS,,,,,,,4.91,,,4.63,,5.2,4.9 [4.6-5.2],,,EN,2024-02-28T18:30:00.000Z
NCD_BMI_30A,"Prevalence of obesity among adults, BMI &GreaterEqual; 30 (age-standardized estimate) (%)",numeric,SEAR,South-East Asia,Country,IND,India,Year,2015,false,Sex,Female,SEX_FMLE,Age Group,18+  years,AGEGROUP_YEARS18-PLUS,,,,,,,6.49,,,6.01,,6.97,6.5 [6.0-7.0],,,EN,2024-02-28T18:30:00.000Z
NCD_BMI_30A,"Prevalence of obesity among adults, BMI &GreaterEqual; 30 (age-standardized estimate) (%)",numeric,SEAR,South-East Asia,Country,IND,India,Year,2014,false,Sex,Male,SEX_MLE,Age Group,18+  years,AGEGROUP_YEARS18-PLUS,,,,,,,3.18,,,2.9,,3.47,3.2 [2.9-3.5],,,EN,2024-02-28T18:30:00.000Z
NCD_BMI_30A,"Prevalence of obesity among adults, BMI &GreaterEqual; 30 (age-standardized estimate) (%)",numeric,SEAR,South-East Asia,Country,IND,India,Year,2014,false,Sex,Both sexes,SEX_BTSX,Age Group,18+  years,AGEGROUP_YEARS18-PLUS,,,,,,,4.63,,,4.36,,4.9,4.6 [4.4-4.9],,,EN,2024-02-28T18:30:00.000Z
NCD_BMI_30A,"Prevalence of obesity among adults, BMI &GreaterEqual; 30 (age-standardized estimate) (%)",numeric,SEAR,South-East Asia,Country,IND,India,Year,2014,false,Sex,Female,SEX_FMLE,Age Group,18+  years,AGEGROUP_YEARS18-PLUS,,,,,,,6.13,,,5.68,,6.59,6.1 [5.7-6.6],,,EN,2024-02-28T18:30:00.000Z
NCD_BMI_30A,"Prevalence of obesity among adults, BMI &GreaterEqual; 30 (age-standardized estimate) (%)",numeric,SEAR,South-East Asia,Country,IND,India,Year,2013,false,Sex,Male,SEX_MLE,Age Group,18+  years,AGEGROUP_YEARS18-PLUS,,,,,,,2.98,,,2.72,,3.26,3.0 [2.7-3.3],,,EN,2024-02-28T18:30:00.000Z
NCD_BMI_30A,"Prevalence of obesity among adults, BMI &GreaterEqual; 30 (age-standardized estimate) (%)",numeric,SEAR,South-East Asia,Country,IND,India,Year,2013,false,Sex,Both sexes,SEX_BTSX,Age Group,18+  years,AGEGROUP_YEARS18-PLUS,,,,,,,4.36,,,4.11,,4.62,4.4 [4.1-4.6],,,EN,2024-02-28T18:30:00.000Z
NCD_BMI_30A,"Prevalence of obesity among adults, BMI &GreaterEqual; 30 (age-standardized estimate) (%)",numeric,SEAR,South-East Asia,Country,IND,India,Year,2013,false,Sex,Female,SEX_FMLE,Age Group,18+  years,AGEGROUP_YEARS18-PLUS,,,,,,,5.79,,,5.37,,6.23,5.8 [5.4-6.2],,,EN,2024-02-28T18:30:00.000Z
NCD_BMI_30A,"Prevalence of obesity among adults, BMI &GreaterEqual; 30 (age-standardized estimate) (%)",numeric,SEAR,South-East Asia,Country,IND,India,Year,2012,false,Sex,Male,SEX_MLE,Age Group,18+  years,AGEGROUP_YEARS18-PLUS,,,,,,,2.8,,,2.55,,3.06,2.8 [2.5-3.1],,,EN,2024-02-28T18:30:00.000Z
NCD_BMI_30A,"Prevalence of obesity among adults, BMI &GreaterEqual; 30 (age-standardized estimate) (%)",numeric,SEAR,South-East Asia,Country,IND,India,Year,2012,false,Sex,Both sexes,SEX_BTSX,Age Group,18+  years,AGEGROUP_YEARS18-PLUS,,,,,,,4.11,,,3.87,,4.36,4.1 [3.9-4.4],,,EN,2024-02-28T18:30:00.000Z
NCD_BMI_30A,"Prevalence of obesity among adults, BMI &GreaterEqual; 30 (age-standardized estimate) (%)",numeric,SEAR,South-East Asia,Country,IND,India,Year,2012,false,Sex,Female,SEX_FMLE,Age Group,18+  years,AGEGROUP_YEARS18-PLUS,,,,,,,5.48,,,5.07,,5.91,5.5 [5.1-5.9],,,EN,2024-02-28T18:30:00.000Z
NCD_BMI_30A,"Prevalence of obesity among adults, BMI &GreaterEqual; 30 (age-standardized estimate) (%)",numeric,SEAR,South-East Asia,Country,IND,India,Year,2011,false,Sex,Male,SEX_MLE,Age Group,18+  years,AGEGROUP_YEARS18-PLUS,,,,,,,2.62,,,2.38,,2.88,2.6 [2.4-2.9],,,EN,2024-02-28T18:30:00.000Z
NCD_BMI_30A,"Prevalence of obesity among adults, BMI &GreaterEqual; 30 (age-standardized estimate) (%)",numeric,SEAR,South-East Asia,Country,IND,India,Year,2011,false,Sex,Both sexes,SEX_BTSX,Age Group,18+  years,AGEGROUP_YEARS18-PLUS,,,,,,,3.88,,,3.64,,4.12,3.9 [3.6-4.1],,,EN,2024-02-28T18:30:00.000Z
NCD_BMI_30A,"Prevalence of obesity among adults, BMI &GreaterEqual; 30 (age-standardized estimate) (%)",numeric,SEAR,South-East Asia,Country,IND,India,Year,2011,false,Sex,Female,SEX_FMLE,Age Group,18+  years,AGEGROUP_YEARS18-PLUS,,,,,,,5.18,,,4.79,,5.6,5.2 [4.8-5.6],,,EN,2024-02-28T18:30:00.000Z
NCD_BMI_30A,"Prevalence of obesity among adults, BMI &GreaterEqual; 30 (age-standardized estimate) (%)",numeric,SEAR,South-East Asia,Country,IND,India,Year,2010,false,Sex,Male,SEX_MLE,Age Group,18+  years,AGEGROUP_YEARS18-PLUS,,,,,,,2.45,,,2.22,,2.71,2.5 [2.2-2.7],,,EN,2024-02-28T18:30:00.000Z
NCD_BMI_30A,"Prevalence of obesity among adults, BMI &GreaterEqual; 30 (age-standardized estimate) (%)",numeric,SEAR,South-East Asia,Country,IND,India,Year,2010,false,Sex,Both sexes,SEX_BTSX,Age Group,18+  years,AGEGROUP_YEARS18-PLUS,,,,,,,3.65,,,3.42,,3.88,3.7 [3.4-3.9],,,EN,2024-02-28T18:30:00.000Z
NCD_BMI_30A,"Prevalence of obesity among adults, BMI &GreaterEqual; 30 (age-standardized estimate) (%)",numeric,SEAR,South-East Asia,Country,IND,India,Year,2010,false,Sex,Female,SEX_FMLE,Age Group,18+  years,AGEGROUP_YEARS18-PLUS,,,,,,,4.89,,,4.51,,5.31,4.9 [4.5-5.3],,,EN,2024-02-28T18:30:00.000Z
NCD_BMI_30A,"Prevalence of obesity among adults, BMI &GreaterEqual; 30 (age-standardized estimate) (%)",numeric,SEAR,South-East Asia,Country,IND,India,Year,2009,false,Sex,Male,SEX_MLE,Age Group,18+  years,AGEGROUP_YEARS18-PLUS,,,,,,,2.29,,,2.06,,2.53,2.3 [2.1-2.5],,,EN,2024-02-28T18:30:00.000Z
NCD_BMI_30A,"Prevalence of obesity among adults, BMI &GreaterEqual; 30 (age-standardized estimate) (%)",numeric,SEAR,South-East Asia,Country,IND,India,Year,2009,false,Sex,Both sexes,SEX_BTSX,Age Group,18+  years,AGEGROUP_YEARS18-PLUS,,,,,,,3.43,,,3.21,,3.65,3.4 [3.2-3.7],,,EN,2024-02-28T18:30:00.000Z
NCD_BMI_30A,"Prevalence of obesity among adults, BMI &GreaterEqual; 30 (age-standardized estimate) (%)",numeric,SEAR,South-East Asia,Country,IND,India,Year,2009,false,Sex,Female,SEX_FMLE,Age Group,18+  years,AGEGROUP_YEARS18-PLUS,,,,,,,4.62,,,4.25,,5.02,4.6 [4.2-5.0],,,EN,2024-02-28T18:30:00.000Z
NCD_BMI_30A,"Prevalence of obesity among adults, BMI &GreaterEqual; 30 (age-standardized estimate) (%)",numeric,SEAR,South-East Asia,Country,IND,India,Year,2008,false,Sex,Male,SEX_MLE,Age Group,18+  years,AGEGROUP_YEARS18-PLUS,,,,,,,2.13,,,1.91,,2.36,2.1 [1.9-2.4],,,EN,2024-02-28T18:30:00.000Z
NCD_BMI_30A,"Prevalence of obesity among adults, BMI &GreaterEqual; 30 (age-standardized estimate) (%)",numeric,SEAR,South-East Asia,Country,IND,India,Year,2008,false,Sex,Both sexes,SEX_BTSX,Age Group,18+  years,AGEGROUP_YEARS18-PLUS,,,,,,,3.22,,,3.01,,3.43,3.2 [3.0-3.4],,,EN,2024-02-28T18:30:00.000Z
NCD_BMI_30A,"Prevalence of obesity among adults, BMI &GreaterEqual; 30 (age-standardized estimate) (%)",numeric,SEAR,South-East Asia,Country,IND,India,Year,2008,false,Sex,Female,SEX_FMLE,Age Group,18+  years,AGEGROUP_YEARS18-PLUS,,,,,,,4.35,,,4,,4.73,4.4 [4.0-4.7],,,EN,2024-02-28T18:30:00.000Z
NCD_BMI_30A,"Prevalence of obesity among adults, BMI &GreaterEqual; 30 (age-standardized estimate) (%)",numeric,SEAR,South-East Asia,Country,IND,India,Year,2007,false,Sex,Male,SEX_MLE,Age Group,18+  years,AGEGROUP_YEARS18-PLUS,,,,,,,1.97,,,1.76,,2.19,2.0 [1.8-2.2],,,EN,2024-02-28T18:30:00.000Z
NCD_BMI_30A,"Prevalence of obesity among adults, BMI &GreaterEqual; 30 (age-standardized estimate) (%)",numeric,SEAR,South-East Asia,Country,IND,India,Year,2007,false,Sex,Both sexes,SEX_BTSX,Age Group,18+  years,AGEGROUP_YEARS18-PLUS,,,,,,,3.01,,,2.81,,3.22,3.0 [2.8-3.2],,,EN,2024-02-28T18:30:00.000Z
NCD_BMI_30A,"Prevalence of obesity among adults, BMI &GreaterEqual; 30 (age-standardized estimate) (%)",numeric,SEAR,South-East Asia,Country,IND,India,Year,2007,false,Sex,Female,SEX_FMLE,Age Group,18+  years,AGEGROUP_YEARS18-PLUS,,,,,,,4.09,,,3.75,,4.47,4.1 [3.7-4.5],,,EN,2024-02-28T18:30:00.000Z
NCD_BMI_30A,"Prevalence of obesity among adults, BMI &GreaterEqual; 30 (age-standardized estimate) (%)",numeric,SEAR,South-East Asia,Country,IND,India,Year,2006,false,Sex,Male,SEX_MLE,Age Group,18+  years,AGEGROUP_YEARS18-PLUS,,,,,,,1.82,,,1.62,,2.04,1.8 [1.6-2.0],,,EN,2024-02-28T18:30:00.000Z
NCD_BMI_30A,"Prevalence of obesity among adults, BMI &GreaterEqual; 30 (age-standardized estimate) (%)",numeric,SEAR,South-East Asia,Country,IND,India,Year,2006,false,Sex,Both sexes,SEX_BTSX,Age Group,18+  years,AGEGROUP_YEARS18-PLUS,,,,,,,2.82,,,2.62,,3.02,2.8 [2.6-3.0],,,EN,2024-02-28T18:30:00.000Z
NCD_BMI_30A,"Prevalence of obesity among adults, BMI &GreaterEqual; 30 (age-standardized estimate) (%)",numeric,SEAR,South-East Asia,Country,IND,India,Year,2006,false,Sex,Female,SEX_FMLE,Age Group,18+  years,AGEGROUP_YEARS18-PLUS,,,,,,,3.85,,,3.51,,4.21,3.8 [3.5-4.2],,,EN,2024-02-28T18:30:00.000Z
NCD_BMI_30A,"Prevalence of obesity among adults, BMI &GreaterEqual; 30 (age-standardized estimate) (%)",numeric,SEAR,South-East Asia,Country,IND,India,Year,2005,false,Sex,Male,SEX_MLE,Age Group,18+  years,AGEGROUP_YEARS18-PLUS,,,,,,,1.68,,,1.49,,1.89,1.7 [1.5-1.9],,,EN,2024-02-28T18:30:00.000Z
NCD_BMI_30A,"Prevalence of obesity among adults, BMI &GreaterEqual; 30 (age-standardized estimate) (%)",numeric,SEAR,South-East Asia,Country,IND,India,Year,2005,false,Sex,Both sexes,SEX_BTSX,Age Group,18+  years,AGEGROUP_YEARS18-PLUS,,,,,,,2.63,,,2.44,,2.82,2.6 [2.4-2.8],,,EN,2024-02-28T18:30:00.000Z
NCD_BMI_30A,"Prevalence of obesity among adults, BMI &GreaterEqual; 30 (age-standardized estimate) (%)",numeric,SEAR,South-East Asia,Country,IND,India,Year,2005,false,Sex,Female,SEX_FMLE,Age Group,18+  years,AGEGROUP_YEARS18-PLUS,,,,,,,3.61,,,3.29,,3.97,3.6 [3.3-4.0],,,EN,2024-02-28T18:30:00.000Z
NCD_BMI_30A,"Prevalence of obesity among adults, BMI &GreaterEqual; 30 (age-standardized estimate) (%)",numeric,SEAR,South-East Asia,Country,IND,India,Year,2004,false,Sex,Male,SEX_MLE,Age Group,18+  years,AGEGROUP_YEARS18-PLUS,,,,,,,1.55,,,1.36,,1.75,1.6 [1.4-1.7],,,EN,2024-02-28T18:30:00.000Z
NCD_BMI_30A,"Prevalence of obesity among adults, BMI &GreaterEqual; 30 (age-standardized estimate) (%)",numeric,SEAR,South-East Asia,Country,IND,India,Year,2004,false,Sex,Both sexes,SEX_BTSX,Age Group,18+  years,AGEGROUP_YEARS18-PLUS,,,,,,,2.45,,,2.26,,2.64,2.4 [2.3-2.6],,,EN,2024-02-28T18:30:00.000Z
NCD_BMI_30A,"Prevalence of obesity among adults, BMI &GreaterEqual; 30 (age-standardized estimate) (%)",numeric,SEAR,South-East Asia,Country,IND,India,Year,2004,false,Sex,Female,SEX_FMLE,Age Group,18+  years,AGEGROUP_YEARS18-PLUS,,,,,,,3.38,,,3.07,,3.73,3.4 [3.1-3.7],,,EN,2024-02-28T18:30:00.000Z
NCD_BMI_30A,"Prevalence of obesity among adults, BMI &GreaterEqual; 30 (age-standardized estimate) (%)",numeric,SEAR,South-East Asia,Country,IND,India,Year,2003,false,Sex,Male,SEX_MLE,Age Group,18+  years,AGEGROUP_YEARS18-PLUS,,,,,,,1.42,,,1.24,,1.62,1.4 [1.2-1.6],,,EN,2024-02-28T18:30:00.000Z
NCD_BMI_30A,"Prevalence of obesity among adults, BMI &GreaterEqual; 30 (age-standardized estimate) (%)",numeric,SEAR,South-East Asia,Country,IND,India,Year,2003,false,Sex,Both sexes,SEX_BTSX,Age Group,18+  years,AGEGROUP_YEARS18-PLUS,,,,,,,2.27,,,2.1,,2.46,2.3 [2.1-2.5],,,EN,2024-02-28T18:30:00.000Z
NCD_BMI_30A,"Prevalence of obesity among adults, BMI &GreaterEqual; 30 (age-standardized estimate) (%)",numeric,SEAR,South-East Asia,Country,IND,India,Year,2003,false,Sex,Female,SEX_FMLE,Age Group,18+  years,AGEGROUP_YEARS18-PLUS,,,,,,,3.16,,,2.85,,3.5,3.2 [2.9-3.5],,,EN,2024-02-28T18:30:00.000Z
NCD_BMI_30A,"Prevalence of obesity among adults, BMI &GreaterEqual; 30 (age-standardized estimate) (%)",numeric,SEAR,South-East Asia,Country,IND,India,Year,2002,false,Sex,Male,SEX_MLE,Age Group,18+  years,AGEGROUP_YEARS18-PLUS,,,,,,,1.31,,,1.13,,1.49,1.3 [1.1-1.5],,,EN,2024-02-28T18:30:00.000Z
NCD_BMI_30A,"Prevalence of obesity among adults, BMI &GreaterEqual; 30 (age-standardized estimate) (%)",numeric,SEAR,South-East Asia,Country,IND,India,Year,2002,false,Sex,Both sexes,SEX_BTSX,Age Group,18+  years,AGEGROUP_YEARS18-PLUS,,,,,,,2.11,,,1.94,,2.29,2.1 [1.9-2.3],,,EN,2024-02-28T18:30:00.000Z
NCD_BMI_30A,"Prevalence of obesity among adults, BMI &GreaterEqual; 30 (age-standardized estimate) (%)",numeric,SEAR,South-East Asia,Country,IND,India,Year,2002,false,Sex,Female,SEX_FMLE,Age Group,18+  years,AGEGROUP_YEARS18-PLUS,,,,,,,2.95,,,2.65,,3.27,2.9 [2.7-3.3],,,EN,2024-02-28T18:30:00.000Z
NCD_BMI_30A,"Prevalence of obesity among adults, BMI &GreaterEqual; 30 (age-standardized estimate) (%)",numeric,SEAR,South-East Asia,Country,IND,India,Year,2001,false,Sex,Male,SEX_MLE,Age Group,18+  years,AGEGROUP_YEARS18-PLUS,,,,,,,1.19,,,1.03,,1.37,1.2 [1.0-1.4],,,EN,2024-02-28T18:30:00.000Z
NCD_BMI_30A,"Prevalence of obesity among adults, BMI &GreaterEqual; 30 (age-standardized estimate) (%)",numeric,SEAR,South-East Asia,Country,IND,India,Year,2001,false,Sex,Both sexes,SEX_BTSX,Age Group,18+  years,AGEGROUP_YEARS18-PLUS,,,,,,,1.95,,,1.79,,2.13,2.0 [1.8-2.1],,,EN,2024-02-28T18:30:00.000Z
NCD_BMI_30A,"Prevalence of obesity among adults, BMI &GreaterEqual; 30 (age-standardized estimate) (%)",numeric,SEAR,South-East Asia,Country,IND,India,Year,2001,false,Sex,Female,SEX_FMLE,Age Group,18+  years,AGEGROUP_YEARS18-PLUS,,,,,,,2.74,,,2.46,,3.05,2.7 [2.5-3.1],,,EN,2024-02-28T18:30:00.000Z
NCD_BMI_30A,"Prevalence of obesity among adults, BMI &GreaterEqual; 30 (age-standardized estimate) (%)",numeric,SEAR,South-East Asia,Country,IND,India,Year,2000,false,Sex,Male,SEX_MLE,Age Group,18+  years,AGEGROUP_YEARS18-PLUS,,,,,,,1.09,,,0.94,,1.27,1.1 [0.9-1.3],,,EN,2024-02-28T18:30:00.000Z
NCD_BMI_30A,"Prevalence of obesity among adults, BMI &GreaterEqual; 30 (age-standardized estimate) (%)",numeric,SEAR,South-East Asia,Country,IND,India,Year,2000,false,Sex,Both sexes,SEX_BTSX,Age Group,18+  years,AGEGROUP_YEARS18-PLUS,,,,,,,1.8,,,1.65,,1.97,1.8 [1.6-2.0],,,EN,2024-02-28T18:30:00.000Z
NCD_BMI_30A,"Prevalence of obesity among adults, BMI &GreaterEqual; 30 (age-standardized estimate) (%)",numeric,SEAR,South-East Asia,Country,IND,India,Year,2000,false,Sex,Female,SEX_FMLE,Age Group,18+  years,AGEGROUP_YEARS18-PLUS,,,,,,,2.54,,,2.27,,2.85,2.5 [2.3-2.8],,,EN,2024-02-28T18:30:00.000Z
NCD_BMI_30A,"Prevalence of obesity among adults, BMI &GreaterEqual; 30 (age-standardized estimate) (%)",numeric,SEAR,South-East Asia,Country,IND,India,Year,1999,false,Sex,Male,SEX_MLE,Age Group,18+  years,AGEGROUP_YEARS18-PLUS,,,,,,,1,,,0.85,,1.17,1.0 [0.8-1.2],,,EN,2024-02-28T18:30:00.000Z
NCD_BMI_30A,"Prevalence of obesity among adults, BMI &GreaterEqual; 30 (age-standardized estimate) (%)",numeric,SEAR,South-East Asia,Country,IND,India,Year,1999,false,Sex,Both sexes,SEX_BTSX,Age Group,18+  years,AGEGROUP_YEARS18-PLUS,,,,,,,1.66,,,1.51,,1.83,1.7 [1.5-1.8],,,EN,2024-02-28T18:30:00.000Z
NCD_BMI_30A,"Prevalence of obesity among adults, BMI &GreaterEqual; 30 (age-standardized estimate) (%)",numeric,SEAR,South-East Asia,Country,IND,India,Year,1999,false,Sex,Female,SEX_FMLE,Age Group,18+  years,AGEGROUP_YEARS18-PLUS,,,,,,,2.36,,,2.09,,2.65,2.4 [2.1-2.6],,,EN,2024-02-28T18:30:00.000Z
NCD_BMI_30A,"Prevalence of obesity among adults, BMI &GreaterEqual; 30 (age-standardized estimate) (%)",numeric,SEAR,South-East Asia,Country,IND,India,Year,1998,false,Sex,Male,SEX_MLE,Age Group,18+  years,AGEGROUP_YEARS18-PLUS,,,,,,,0.91,,,0.77,,1.07,0.9 [0.8-1.1],,,EN,2024-02-28T18:30:00.000Z
NCD_BMI_30A,"Prevalence of obesity among adults, BMI &GreaterEqual; 30 (age-standardized estimate) (%)",numeric,SEAR,South-East Asia,Country,IND,India,Year,1998,false,Sex,Both sexes,SEX_BTSX,Age Group,18+  years,AGEGROUP_YEARS18-PLUS,,,,,,,1.53,,,1.39,,1.69,1.5 [1.4-1.7],,,EN,2024-02-28T18:30:00.000Z
NCD_BMI_30A,"Prevalence of obesity among adults, BMI &GreaterEqual; 30 (age-standardized estimate) (%)",numeric,SEAR,South-East Asia,Country,IND,India,Year,1998,false,Sex,Female,SEX_FMLE,Age Group,18+  years,AGEGROUP_YEARS18-PLUS,,,,,,,2.18,,,1.92,,2.46,2.2 [1.9-2.5],,,EN,2024-02-28T18:30:00.000Z
NCD_BMI_30A,"Prevalence of obesity among adults, BMI &GreaterEqual; 30 (age-standardized estimate) (%)",numeric,SEAR,South-East Asia,Country,IND,India,Year,1997,false,Sex,Male,SEX_MLE,Age Group,18+  years,AGEGROUP_YEARS18-PLUS,,,,,,,0.83,,,0.7,,0.99,0.8 [0.7-1.0],,,EN,2024-02-28T18:30:00.000Z
NCD_BMI_30A,"Prevalence of obesity among adults, BMI &GreaterEqual; 30 (age-standardized estimate) (%)",numeric,SEAR,South-East Asia,Country,IND,India,Year,1997,false,Sex,Both sexes,SEX_BTSX,Age Group,18+  years,AGEGROUP_YEARS18-PLUS,,,,,,,1.41,,,1.27,,1.56,1.4 [1.3-1.6],,,EN,2024-02-28T18:30:00.000Z
NCD_BMI_30A,"Prevalence of obesity among adults, BMI &GreaterEqual; 30 (age-standardized estimate) (%)",numeric,SEAR,South-East Asia,Country,IND,India,Year,1997,false,Sex,Female,SEX_FMLE,Age Group,18+  years,AGEGROUP_YEARS18-PLUS,,,,,,,2.01,,,1.76,,2.28,2.0 [1.8-2.3],,,EN,2024-02-28T18:30:00.000Z
NCD_BMI_30A,"Prevalence of obesity among adults, BMI &GreaterEqual; 30 (age-standardized estimate) (%)",numeric,SEAR,South-East Asia,Country,IND,India,Year,1996,false,Sex,Male,SEX_MLE,Age Group,18+  years,AGEGROUP_YEARS18-PLUS,,,,,,,0.76,,,0.64,,0.91,0.8 [0.6-0.9],,,EN,2024-02-28T18:30:00.000Z
NCD_BMI_30A,"Prevalence of obesity among adults, BMI &GreaterEqual; 30 (age-standardized estimate) (%)",numeric,SEAR,South-East Asia,Country,IND,India,Year,1996,false,Sex,Both sexes,SEX_BTSX,Age Group,18+  years,AGEGROUP_YEARS18-PLUS,,,,,,,1.3,,,1.16,,1.44,1.3 [1.2-1.4],,,EN,2024-02-28T18:30:00.000Z
NCD_BMI_30A,"Prevalence of obesity among adults, BMI &GreaterEqual; 30 (age-standardized estimate) (%)",numeric,SEAR,South-East Asia,Country,IND,India,Year,1996,false,Sex,Female,SEX_FMLE,Age Group,18+  years,AGEGROUP_YEARS18-PLUS,,,,,,,1.86,,,1.61,,2.12,1.9 [1.6-2.1],,,EN,2024-02-28T18:30:00.000Z
NCD_BMI_30A,"Prevalence of obesity among adults, BMI &GreaterEqual; 30 (age-standardized estimate) (%)",numeric,SEAR,South-East Asia,Country,IND,India,Year,1995,false,Sex,Male,SEX_MLE,Age Group,18+  years,AGEGROUP_YEARS18-PLUS,,,,,,,0.7,,,0.58,,0.85,0.7 [0.6-0.8],,,EN,2024-02-28T18:30:00.000Z
NCD_BMI_30A,"Prevalence of obesity among adults, BMI &GreaterEqual; 30 (age-standardized estimate) (%)",numeric,SEAR,South-East Asia,Country,IND,India,Year,1995,false,Sex,Both sexes,SEX_BTSX,Age Group,18+  years,AGEGROUP_YEARS18-PLUS,,,,,,,1.2,,,1.06,,1.34,1.2 [1.1-1.3],,,EN,2024-02-28T18:30:00.000Z
NCD_BMI_30A,"Prevalence of obesity among adults, BMI &GreaterEqual; 30 (age-standardized estimate) (%)",numeric,SEAR,South-East Asia,Country,IND,India,Year,1995,false,Sex,Female,SEX_FMLE,Age Group,18+  years,AGEGROUP_YEARS18-PLUS,,,,,,,1.71,,,1.48,,1.97,1.7 [1.5-2.0],,,EN,2024-02-28T18:30:00.000Z
NCD_BMI_30A,"Prevalence of obesity among adults, BMI &GreaterEqual; 30 (age-standardized estimate) (%)",numeric,SEAR,South-East Asia,Country,IND,India,Year,1994,false,Sex,Male,SEX_MLE,Age Group,18+  years,AGEGROUP_YEARS18-PLUS,,,,,,,0.65,,,0.53,,0.78,0.6 [0.5-0.8],,,EN,2024-02-28T18:30:00.000Z
NCD_BMI_30A,"Prevalence of obesity among adults, BMI &GreaterEqual; 30 (age-standardized estimate) (%)",numeric,SEAR,South-East Asia,Country,IND,India,Year,1994,false,Sex,Both sexes,SEX_BTSX,Age Group,18+  years,AGEGROUP_YEARS18-PLUS,,,,,,,1.1,,,0.97,,1.24,1.1 [1.0-1.2],,,EN,2024-02-28T18:30:00.000Z
NCD_BMI_30A,"Prevalence of obesity among adults, BMI &GreaterEqual; 30 (age-standardized estimate) (%)",numeric,SEAR,South-East Asia,Country,IND,India,Year,1994,false,Sex,Female,SEX_FMLE,Age Group,18+  years,AGEGROUP_YEARS18-PLUS,,,,,,,1.58,,,1.35,,1.83,1.6 [1.3-1.8],,,EN,2024-02-28T18:30:00.000Z
NCD_BMI_30A,"Prevalence of obesity among adults, BMI &GreaterEqual; 30 (age-standardized estimate) (%)",numeric,SEAR,South-East Asia,Country,IND,India,Year,1993,false,Sex,Male,SEX_MLE,Age Group,18+  years,AGEGROUP_YEARS18-PLUS,,,,,,,0.6,,,0.48,,0.73,0.6 [0.5-0.7],,,EN,2024-02-28T18:30:00.000Z
NCD_BMI_30A,"Prevalence of obesity among adults, BMI &GreaterEqual; 30 (age-standardized estimate) (%)",numeric,SEAR,South-East Asia,Country,IND,India,Year,1993,false,Sex,Both sexes,SEX_BTSX,Age Group,18+  years,AGEGROUP_YEARS18-PLUS,,,,,,,1.02,,,0.89,,1.15,1.0 [0.9-1.1],,,EN,2024-02-28T18:30:00.000Z
NCD_BMI_30A,"Prevalence of obesity among adults, BMI &GreaterEqual; 30 (age-standardized estimate) (%)",numeric,SEAR,South-East Asia,Country,IND,India,Year,1993,false,Sex,Female,SEX_FMLE,Age Group,18+  years,AGEGROUP_YEARS18-PLUS,,,,,,,1.45,,,1.23,,1.7,1.5 [1.2-1.7],,,EN,2024-02-28T18:30:00.000Z
NCD_BMI_30A,"Prevalence of obesity among adults, BMI &GreaterEqual; 30 (age-standardized estimate) (%)",numeric,SEAR,South-East Asia,Country,IND,India,Year,1992,false,Sex,Male,SEX_MLE,Age Group,18+  years,AGEGROUP_YEARS18-PLUS,,,,,,,0.55,,,0.44,,0.68,0.5 [0.4-0.7],,,EN,2024-02-28T18:30:00.000Z
NCD_BMI_30A,"Prevalence of obesity among adults, BMI &GreaterEqual; 30 (age-standardized estimate) (%)",numeric,SEAR,South-East Asia,Country,IND,India,Year,1992,false,Sex,Both sexes,SEX_BTSX,Age Group,18+  years,AGEGROUP_YEARS18-PLUS,,,,,,,0.93,,,0.81,,1.06,0.9 [0.8-1.1],,,EN,2024-02-28T18:30:00.000Z
NCD_BMI_30A,"Prevalence of obesity among adults, BMI &GreaterEqual; 30 (age-standardized estimate) (%)",numeric,SEAR,South-East Asia,Country,IND,India,Year,1992,false,Sex,Female,SEX_FMLE,Age Group,18+  years,AGEGROUP_YEARS18-PLUS,,,,,,,1.34,,,1.12,,1.58,1.3 [1.1-1.6],,,EN,2024-02-28T18:30:00.000Z
NCD_BMI_30A,"Prevalence of obesity among adults, BMI &GreaterEqual; 30 (age-standardized estimate) (%)",numeric,SEAR,South-East Asia,Country,IND,India,Year,1991,false,Sex,Male,SEX_MLE,Age Group,18+  years,AGEGROUP_YEARS18-PLUS,,,,,,,0.51,,,0.4,,0.63,0.5 [0.4-0.6],,,EN,2024-02-28T18:30:00.000Z
NCD_BMI_30A,"Prevalence of obesity among adults, BMI &GreaterEqual; 30 (age-standardized estimate) (%)",numeric,SEAR,South-East Asia,Country,IND,India,Year,1991,false,Sex,Both sexes,SEX_BTSX,Age Group,18+  years,AGEGROUP_YEARS18-PLUS,,,,,,,0.86,,,0.74,,0.99,0.9 [0.7-1.0],,,EN,2024-02-28T18:30:00.000Z
NCD_BMI_30A,"Prevalence of obesity among adults, BMI &GreaterEqual; 30 (age-standardized estimate) (%)",numeric,SEAR,South-East Asia,Country,IND,India,Year,1991,false,Sex,Female,SEX_FMLE,Age Group,18+  years,AGEGROUP_YEARS18-PLUS,,,,,,,1.23,,,1.02,,1.47,1.2 [1.0-1.5],,,EN,2024-02-28T18:30:00.000Z
NCD_BMI_30A,"Prevalence of obesity among adults, BMI &GreaterEqual; 30 (age-standardized estimate) (%)",numeric,SEAR,South-East Asia,Country,IND,India,Year,1990,false,Sex,Male,SEX_MLE,Age Group,18+  years,AGEGROUP_YEARS18-PLUS,,,,,,,0.47,,,0.36,,0.59,0.5 [0.4-0.6],,,EN,2024-02-28T18:30:00.000Z
NCD_BMI_30A,"Prevalence of obesity among adults, BMI &GreaterEqual; 30 (age-standardized estimate) (%)",numeric,SEAR,South-East Asia,Country,IND,India,Year,1990,false,Sex,Both sexes,SEX_BTSX,Age Group,18+  years,AGEGROUP_YEARS18-PLUS,,,,,,,0.79,,,0.68,,0.91,0.8 [0.7-0.9],,,EN,2024-02-28T18:30:00.000Z
NCD_BMI_30A,"Prevalence of obesity among adults, BMI &GreaterEqual; 30 (age-standardized estimate) (%)",numeric,SEAR,South-East Asia,Country,IND,India,Year,1990,false,Sex,Female,SEX_FMLE,Age Group,18+  years,AGEGROUP_YEARS18-PLUS,,,,,,,1.13,,,0.92,,1.36,1.1 [0.9-1.4],,,EN,2024-02-28T18:30:00.000Z
